{"cameraMode":{"drawMode":0,"name":"Shaded","section":"Shading Mode"},"sceneLighting":true,"audioPlay":false,"sceneViewState":{"m_AlwaysRefresh":false,"showFog":true,"showSkybox":true,"showFlares":true,"showImageEffects":true,"showParticleSystems":true,"showVisualEffectGraphs":true,"m_FxEnabled":true},"in2DMode":false,"pivot":{"x":24.213104248046876,"y":1.2470571994781495,"z":51.262237548828128},"rotation":{"x":-0.10943371802568436,"y":-0.7483013272285461,"z":0.12761063873767854,"w":-0.6417100429534912},"size":0.8660253882408142,"orthographic":false}